"","gamma","n_obs","mean.mean.X","mean.sd.X","mean.mean.Y","mean.sd.Y","sd.mean.X","sd.sd.X","sd.mean.Y","sd.sd.Y"
"1",0.1,299,10.0043963418132,0.958685461077959,244.33420735786,286.090971478073,0.2550764863424,0.124987083739521,74.7283301966568,155.628691508931
"2",10,299,10.0002928322042,1.00096519711087,245.581056856187,318.568395238872,0.0560727000862369,0.0407698746728919,18.4156822375651,72.8668390236177
"3",0.1,999,10.0079713003007,0.984872067815127,241.910717717718,300.245324710506,0.141137176245384,0.071704612479193,40.0225417027588,99.8797610266449
"4",10,999,10.0005831625255,1.00061524505378,244.68668968969,317.874341553503,0.031950207249056,0.0225971979176131,10.0821243891125,43.3935842937759
