"","beta0","beta1","gamma","mu","sigma","t","tau","num_na"
"1",10,0.001,0.984762424679085,0.925714834972972,0.11229730931589,79.8671839515278,8.39730610258565,0
"2",10,1e-04,0.0707106781186548,0.996012048119901,0.292893218813453,0.0642824346533225,0.309783930543432,0
"3",10,1e-05,0.0774596669241484,0.998008015999872,0.280182380565665,0.0704178790219531,0.301193860453168,0
